{
  "hash": "6f58ae9f",
  "configHash": "5c0f021c",
  "lockfileHash": "2f6e28b4",
  "browserHash": "518839bf",
  "optimized": {
    "@angular/common/http": {
      "src": "../../../../../../node_modules/@angular/common/fesm2022/http.mjs",
      "file": "@angular_common_http.js",
      "fileHash": "f3c18d42",
      "needsInterop": false
    },
    "@angular/core": {
      "src": "../../../../../../node_modules/@angular/core/fesm2022/core.mjs",
      "file": "@angular_core.js",
      "fileHash": "ea40828b",
      "needsInterop": false
    },
    "@angular/forms": {
      "src": "../../../../../../node_modules/@angular/forms/fesm2022/forms.mjs",
      "file": "@angular_forms.js",
      "fileHash": "6ecaf915",
      "needsInterop": false
    },
    "@angular/material/button": {
      "src": "../../../../../../node_modules/@angular/material/fesm2022/button.mjs",
      "file": "@angular_material_button.js",
      "fileHash": "c5e2dc13",
      "needsInterop": false
    },
    "@angular/material/checkbox": {
      "src": "../../../../../../node_modules/@angular/material/fesm2022/checkbox.mjs",
      "file": "@angular_material_checkbox.js",
      "fileHash": "66235aca",
      "needsInterop": false
    },
    "@angular/material/form-field": {
      "src": "../../../../../../node_modules/@angular/material/fesm2022/form-field.mjs",
      "file": "@angular_material_form-field.js",
      "fileHash": "f8362646",
      "needsInterop": false
    },
    "@angular/material/icon": {
      "src": "../../../../../../node_modules/@angular/material/fesm2022/icon.mjs",
      "file": "@angular_material_icon.js",
      "fileHash": "54e37f2d",
      "needsInterop": false
    },
    "@angular/material/input": {
      "src": "../../../../../../node_modules/@angular/material/fesm2022/input.mjs",
      "file": "@angular_material_input.js",
      "fileHash": "a9a0ee4e",
      "needsInterop": false
    },
    "@angular/material/select": {
      "src": "../../../../../../node_modules/@angular/material/fesm2022/select.mjs",
      "file": "@angular_material_select.js",
      "fileHash": "1f821e2d",
      "needsInterop": false
    },
    "@angular/platform-browser": {
      "src": "../../../../../../node_modules/@angular/platform-browser/fesm2022/platform-browser.mjs",
      "file": "@angular_platform-browser.js",
      "fileHash": "2b4207c3",
      "needsInterop": false
    },
    "@angular/platform-browser/animations": {
      "src": "../../../../../../node_modules/@angular/platform-browser/fesm2022/animations.mjs",
      "file": "@angular_platform-browser_animations.js",
      "fileHash": "ff0d897e",
      "needsInterop": false
    },
    "@angular/router": {
      "src": "../../../../../../node_modules/@angular/router/fesm2022/router.mjs",
      "file": "@angular_router.js",
      "fileHash": "f8860d4a",
      "needsInterop": false
    },
    "@ngx-translate/core": {
      "src": "../../../../../../node_modules/@ngx-translate/core/fesm2022/ngx-translate-core.mjs",
      "file": "@ngx-translate_core.js",
      "fileHash": "67e09149",
      "needsInterop": false
    },
    "@ngx-translate/http-loader": {
      "src": "../../../../../../node_modules/@ngx-translate/http-loader/fesm2022/ngx-translate-http-loader.mjs",
      "file": "@ngx-translate_http-loader.js",
      "fileHash": "b72cc4b1",
      "needsInterop": false
    }
  },
  "chunks": {
    "chunk-TPF6MMKY": {
      "file": "chunk-TPF6MMKY.js"
    },
    "chunk-U7GIZY4Q": {
      "file": "chunk-U7GIZY4Q.js"
    },
    "chunk-AUNT356P": {
      "file": "chunk-AUNT356P.js"
    },
    "chunk-DWIWBJJM": {
      "file": "chunk-DWIWBJJM.js"
    },
    "chunk-3QXL3K7V": {
      "file": "chunk-3QXL3K7V.js"
    },
    "chunk-SMWNE3HR": {
      "file": "chunk-SMWNE3HR.js"
    },
    "chunk-3IZXQMC2": {
      "file": "chunk-3IZXQMC2.js"
    },
    "chunk-ET7CUPWW": {
      "file": "chunk-ET7CUPWW.js"
    },
    "chunk-MP6O7SWR": {
      "file": "chunk-MP6O7SWR.js"
    },
    "chunk-LUVAQ6LK": {
      "file": "chunk-LUVAQ6LK.js"
    },
    "chunk-XFPJ6XD7": {
      "file": "chunk-XFPJ6XD7.js"
    }
  }
}